Num_Acc,adr,codeinsee,latitude,longitude,result_label,result_score,result_type,result_id,result_housenumber,result_name,result_street,result_postcode,result_city,result_context,result_citycode
201500013565,ITALIE (RUE D'),13055,43.2804,5.3806,Marseille,0.08,city,13055,,Marseille,,13000,Marseille,"13, Bouches-du-Rhône, Provence-Alpes-Côte-d'Azur",13055
201500013565,ITALIE (RUE D'),13055,43.2804,5.3806,Marseille,0.08,city,13055,,Marseille,,13000,Marseille,"13, Bouches-du-Rhône, Provence-Alpes-Côte-d'Azur",13055
201500013574,SAINT PIERRE (RUE),13055,,,,,,,,,,,,,
201500013574,SAINT PIERRE (RUE),13055,,,,,,,,,,,,,
201500013584,PEINTRES*ROUX (AVENUE DE,13055,,,,,,,,,,,,,
201500013584,PEINTRES*ROUX (AVENUE DE,13055,,,,,,,,,,,,,
201500013623,"10, MENDES FRANCE (AVENU",13055,,,,,,,,,,,,,
201500013623,"10, MENDES FRANCE (AVENU",13055,,,,,,,,,,,,,
201500013630,"01, PCE DU DOCTEUR VAUTH",13055,,,,,,,,,,,,,
201500013630,"01, PCE DU DOCTEUR VAUTH",13055,,,,,,,,,,,,,
201500013631,"00, CV DE LA MILLIERE A",13055,,,,,,,,,,,,,
201500013631,"00, CV DE LA MILLIERE A",13055,,,,,,,,,,,,,
201500013641,AVE RAIMU,13055,,,,,,,,,,,,,
201500013643,"0, CHEMIN DU LITTORAL (C",13055,,,,,,,,,,,,,
201500013643,"0, CHEMIN DU LITTORAL (C",13055,,,,,,,,,,,,,
201500013643,"0, CHEMIN DU LITTORAL (C",13055,,,,,,,,,,,,,
201500013647,ALEX. FLEMING (BOULEVARD,13055,,,,,,,,,,,,,
201500013647,ALEX. FLEMING (BOULEVARD,13055,,,,,,,,,,,,,
201500013650,"0, BD D ATHENES",13055,,,,,,,,,,,,,
201500013663,"330, SAINTE MARGUERITE (",13055,,,,,,,,,,,,,
201500013663,"330, SAINTE MARGUERITE (",13055,,,,,,,,,,,,,
201500013663,"330, SAINTE MARGUERITE (",13055,,,,,,,,,,,,,
201500013663,"330, SAINTE MARGUERITE (",13055,,,,,,,,,,,,,
201500013671,ALBERT MARQUET (RUE),13055,,,,,,,,,,,,,
201500013671,ALBERT MARQUET (RUE),13055,,,,,,,,,,,,,
201500013674,RTE LEON LACHAMP,13055,,,,,,,,,,,,,
201500013674,RTE LEON LACHAMP,13055,,,,,,,,,,,,,
201500013683,"00, ROVE (ROUTE DU)",13055,,,,,,,,,,,,,
201500013683,"00, ROVE (ROUTE DU)",13055,,,,,,,,,,,,,
201500013685,MENDES FRANCE (AVENUE),13055,,,,,,,,,,,,,
201500013685,MENDES FRANCE (AVENUE),13055,,,,,,,,,,,,,
201500013704,JEAN PAUL SARTRE (AVENUE,13055,,,,,,,,,,,,,
201500013704,JEAN PAUL SARTRE (AVENUE,13055,,,,,,,,,,,,,
201500013704,JEAN PAUL SARTRE (AVENUE,13055,,,,,,,,,,,,,
201500013707,L?ON LACHAMP (ROUTE),13055,,,,,,,,,,,,,
201500013709,ARNAVAUX (AVENUE DES),13055,,,,,,,,,,,,,
201500013709,ARNAVAUX (AVENUE DES),13055,,,,,,,,,,,,,
201500013710,"130, AVE JEAN PAUL SARTR",13055,,,,,,,,,,,,,
201500013714,LAZARET (QUAI DU),13055,,,,,,,,,,,,,
201500013719,LYON (RUE DE),13055,,,,,,,,,,,,,
201500013730,LITTORAL (CHEMIN DU),13055,,,,,,,,,,,,,
201500013730,LITTORAL (CHEMIN DU),13055,,,,,,,,,,,,,
201500013735,"167, ROVE (ROUTE DU)",13055,,,,,,,,,,,,,
201500013735,"167, ROVE (ROUTE DU)",13055,,,,,,,,,,,,,
201500013735,"167, ROVE (ROUTE DU)",13055,,,,,,,,,,,,,
201500013737,"3 virages, RTE LEON LACH",13055,,,,,,,,,,,,,
201500013737,"3 virages, RTE LEON LACH",13055,,,,,,,,,,,,,
201500013743,MALLONIERS (AVENUE),13055,,,,,,,,,,,,,
201500013743,MALLONIERS (AVENUE),13055,,,,,,,,,,,,,
201500013743,MALLONIERS (AVENUE),13055,,,,,,,,,,,,,
201500013747,JEAN PAUL SARTRE (AVENUE,13055,,,,,,,,,,,,,
201500013747,JEAN PAUL SARTRE (AVENUE,13055,,,,,,,,,,,,,
201500013747,JEAN PAUL SARTRE (AVENUE,13055,,,,,,,,,,,,,
201500013753,"0, RAYMOND TEISSERE (RUE",13055,,,,,,,,,,,,,
201500013755,LEDRU ROLLI (BOULEVARD),13055,,,,,,,,,,,,,
201500013755,LEDRU ROLLI (BOULEVARD),13055,,,,,,,,,,,,,
201500013759,"00, PLOMBIERES (BOULEVAR",13055,,,,,,,,,,,,,
201500013759,"00, PLOMBIERES (BOULEVAR",13055,,,,,,,,,,,,,
201500013759,"00, PLOMBIERES (BOULEVAR",13055,,,,,,,,,,,,,
201500013759,"00, PLOMBIERES (BOULEVAR",13055,,,,,,,,,,,,,
201500013768,"126, ADRIEN LEGROS (ROND",13055,,,,,,,,,,,,,
201500013768,"126, ADRIEN LEGROS (ROND",13055,,,,,,,,,,,,,
201500013768,"126, ADRIEN LEGROS (ROND",13055,,,,,,,,,,,,,
201500013771,"00, BD CHARLES LIVON",13055,,,,,,,,,,,,,
201500013771,"00, BD CHARLES LIVON",13055,,,,,,,,,,,,,
201500013773,VISTE (AVENUE DE LA),13055,,,,,,,,,,,,,
201500013773,VISTE (AVENUE DE LA),13055,,,,,,,,,,,,,
201500013773,VISTE (AVENUE DE LA),13055,,,,,,,,,,,,,
201500013776,MICHELET (BOULEVARD),13055,,,,,,,,,,,,,
201500013777,"00., MICHELET (BOULEVARD",13055,,,,,,,,,,,,,
201500013787,"00, CHE DE LA PARETTE",13055,,,,,,,,,,,,,
201500013787,"00, CHE DE LA PARETTE",13055,,,,,,,,,,,,,
201500013787,"00, CHE DE LA PARETTE",13055,,,,,,,,,,,,,
201500013820,"00, BD SAKAKINI",13055,,,,,,,,,,,,,
201500013820,"00, BD SAKAKINI",13055,,,,,,,,,,,,,
201500013824,RAM SAINT MAURICE,13055,,,,,,,,,,,,,
201500013830,"00, BD CHARLES LIVON",13055,,,,,,,,,,,,,
201500013843,AVE SALVADOR ALLENDE,13055,,,,,,,,,,,,,
201500013849,RUE LE CHATELIER,13055,,,,,,,,,,,,,
201500013849,RUE LE CHATELIER,13055,,,,,,,,,,,,,
201500013849,RUE LE CHATELIER,13055,,,,,,,,,,,,,
201500013858,"00, BD DE LA POMME",13055,,,,,,,,,,,,,
201500013858,"00, BD DE LA POMME",13055,,,,,,,,,,,,,
201500013862,"00, BD DE PONT DE VIVAUX",13055,,,,,,,,,,,,,
201500013869,BIR HAKEIM (RUE),13055,,,,,,,,,,,,,
201500013869,BIR HAKEIM (RUE),13055,,,,,,,,,,,,,
201500013882,SCHLOESING (BOULEVARD),13055,,,,,,,,,,,,,
201500013882,SCHLOESING (BOULEVARD),13055,,,,,,,,,,,,,
201500013883,"9, GASTON RAMON (BOULEVA",13055,,,,,,,,,,,,,
201500013883,"9, GASTON RAMON (BOULEVA",13055,,,,,,,,,,,,,
201500013883,"9, GASTON RAMON (BOULEVA",13055,,,,,,,,,,,,,
201500013885,AVE SALVADOR ALLENDE,13055,,,,,,,,,,,,,
201500013889,"0, RUE AVIATEUR LE BRIX",13055,,,,,,,,,,,,,
201500013901,"00, CORDERIE (BOULEVARD",13055,,,,,,,,,,,,,
201500013901,"00, CORDERIE (BOULEVARD",13055,,,,,,,,,,,,,
201500013913,STRASBOURG (BOULEVARD),13055,,,,,,,,,,,,,
201500013913,STRASBOURG (BOULEVARD),13055,,,,,,,,,,,,,
201500013914,"00, CHE DE LA COLLINE SA",13055,,,,,,,,,,,,,
201500013921,RUE LOUIS REGIS,13055,,,,,,,,,,,,,
201500013921,RUE LOUIS REGIS,13055,,,,,,,,,,,,,
201500013921,RUE LOUIS REGIS,13055,,,,,,,,,,,,,
201500013921,RUE LOUIS REGIS,13055,,,,,,,,,,,,,
201500013922,"00, NOTRE DAME (BOULEVAR",13055,,,,,,,,,,,,,
201500013922,"00, NOTRE DAME (BOULEVAR",13055,,,,,,,,,,,,,
201500013923,"00, AVE DE LA VISTE",13055,,,,,,,,,,,,,
201500013923,"00, AVE DE LA VISTE",13055,,,,,,,,,,,,,
201500013934,HENRI BEYLE (RUE),13055,,,,,,,,,,,,,
201500013934,HENRI BEYLE (RUE),13055,,,,,,,,,,,,,
201500013934,HENRI BEYLE (RUE),13055,,,,,,,,,,,,,
201500013937,"4, ARENC (QUAI D')",13055,,,,,,,,,,,,,
201500013937,"4, ARENC (QUAI D')",13055,,,,,,,,,,,,,
201500013938,"00, BD ROLAND DORGELES",13055,,,,,,,,,,,,,
201500013942,"01, RUE JACQUES PICON",13055,,,,,,,,,,,,,
201500013951,"1, PLOMBIERES (BOULEVARD",13055,,,,,,,,,,,,,
201500013951,"1, PLOMBIERES (BOULEVARD",13055,,,,,,,,,,,,,
201500013951,"1, PLOMBIERES (BOULEVARD",13055,,,,,,,,,,,,,
201500013953,LOUIS MALOSSE (AVENUE),13055,,,,,,,,,,,,,
201500013953,LOUIS MALOSSE (AVENUE),13055,,,,,,,,,,,,,
201500013954,POMME (BOULEVARD DE LA ),13055,,,,,,,,,,,,,
201500013968,"00, AVE DES OLIVES",13055,,,,,,,,,,,,,
201500013968,"00, AVE DES OLIVES",13055,,,,,,,,,,,,,
201500013969,"00, BD NATIONAL",13055,,,,,,,,,,,,,
201500013981,LE CHATELIER,13055,,,,,,,,,,,,,
201500013981,LE CHATELIER,13055,,,,,,,,,,,,,
201500013987,"191, BD DE LA VALBARELLE",13055,,,,,,,,,,,,,
201500013987,"191, BD DE LA VALBARELLE",13055,,,,,,,,,,,,,
201500013987,"191, BD DE LA VALBARELLE",13055,,,,,,,,,,,,,
201500013990,SIGNORET (TRAVERSE),13055,,,,,,,,,,,,,
201500013990,SIGNORET (TRAVERSE),13055,,,,,,,,,,,,,
201500014010,"00, ALPHONSE ALLAIS (RUE",13055,,,,,,,,,,,,,
201500014010,"00, ALPHONSE ALLAIS (RUE",13055,,,,,,,,,,,,,
201500014019,ALEX. FLEMING (BOULEVARD,13055,,,,,,,,,,,,,
201500014021,"00, SAINT JOSEPH (CHEMIN",13055,,,,,,,,,,,,,
201500014021,"00, SAINT JOSEPH (CHEMIN",13055,,,,,,,,,,,,,
201500014022,"00, AVE JEAN PAUL SARTRE",13055,,,,,,,,,,,,,
201500014025,LYON (RUE DE),13055,,,,,,,,,,,,,
201500014025,LYON (RUE DE),13055,,,,,,,,,,,,,
201500014033,HENRI BARNIER (BOULEVARD,13055,,,,,,,,,,,,,
201500014033,HENRI BARNIER (BOULEVARD,13055,,,,,,,,,,,,,
201500014033,HENRI BARNIER (BOULEVARD,13055,,,,,,,,,,,,,
201500014035,"00, RTE LEON LACHAMP",13055,,,,,,,,,,,,,
201500014035,"00, RTE LEON LACHAMP",13055,,,,,,,,,,,,,
201500014040,"00, MORGIOU (CHEMIN DE)",13055,,,,,,,,,,,,,
201500014040,"00, MORGIOU (CHEMIN DE)",13055,,,,,,,,,,,,,
201500014042,"00, AVE DU CAP PINEDE RO",13055,,,,,,,,,,,,,
201500014042,"00, AVE DU CAP PINEDE RO",13055,,,,,,,,,,,,,
201500014042,"00, AVE DU CAP PINEDE RO",13055,,,,,,,,,,,,,
201500014042,"00, AVE DU CAP PINEDE RO",13055,,,,,,,,,,,,,
201500014053,"00, ROGER SALENGRO (AVEN",13055,,,,,,,,,,,,,
201500014053,"00, ROGER SALENGRO (AVEN",13055,,,,,,,,,,,,,
201500014057,"0, BD ROLAND DORGELES",13055,,,,,,,,,,,,,
201500014057,"0, BD ROLAND DORGELES",13055,,,,,,,,,,,,,
201500014078,AVE JEAN PAUL SARTRE,13055,,,,,,,,,,,,,
201500014078,AVE JEAN PAUL SARTRE,13055,,,,,,,,,,,,,
201500014078,AVE JEAN PAUL SARTRE,13055,,,,,,,,,,,,,
201500014078,AVE JEAN PAUL SARTRE,13055,,,,,,,,,,,,,
201500014087,RUE DE PONTEVES,13055,,,,,,,,,,,,,
201500014087,RUE DE PONTEVES,13055,,,,,,,,,,,,,
201500014090,AVE DU MARCHE NATIONAL,13055,,,,,,,,,,,,,
201500014090,AVE DU MARCHE NATIONAL,13055,,,,,,,,,,,,,
201500014101,ATHENES (BOULEVARD D'),13055,,,,,,,,,,,,,
201500014101,ATHENES (BOULEVARD D'),13055,,,,,,,,,,,,,
201500014105,"00, EDOUARD VAILLANT (RU",13055,,,,,,,,,,,,,
201500014105,"00, EDOUARD VAILLANT (RU",13055,,,,,,,,,,,,,
201500014111,"1840, CHE DU LANCIER",13055,,,,,,,,,,,,,
201500014111,"1840, CHE DU LANCIER",13055,,,,,,,,,,,,,
201500014117,"000, ALEX. FLEMING (BOUL",13055,,,,,,,,,,,,,
201500014117,"000, ALEX. FLEMING (BOUL",13055,,,,,,,,,,,,,
201500014135,"524, AVE DE MAZARGUES",13055,,,,,,,,,,,,,
201500014135,"524, AVE DE MAZARGUES",13055,,,,,,,,,,,,,
201500014150,"3603, BAUDILLONS (TRAVER",13055,,,,,,,,,,,,,
201500014150,"3603, BAUDILLONS (TRAVER",13055,,,,,,,,,,,,,
201500014162,"00, BD NATIONAL",13055,,,,,,,,,,,,,
201500014164,"00, VILLAGE (RUE DE)",13055,,,,,,,,,,,,,
201500014164,"00, VILLAGE (RUE DE)",13055,,,,,,,,,,,,,
201500014196,"26, SAINT JOSEPH (CHEMIN",13055,,,,,,,,,,,,,
201500014196,"26, SAINT JOSEPH (CHEMIN",13055,,,,,,,,,,,,,
201500014200,BD PIERRE MENARD,13055,,,,,,,,,,,,,
201500014200,BD PIERRE MENARD,13055,,,,,,,,,,,,,
201500014202,"LAC/200, PIERRE CHEVALIE",13055,,,,,,,,,,,,,
201500014202,"LAC/200, PIERRE CHEVALIE",13055,,,,,,,,,,,,,
201500014204,"35, RPT TINO ROSSI",13055,,,,,,,,,,,,,
201500014204,"35, RPT TINO ROSSI",13055,,,,,,,,,,,,,
201500014204,"35, RPT TINO ROSSI",13055,,,,,,,,,,,,,
201500014208,"000, BD SCHLOESING",13055,,,,,,,,,,,,,
201500014208,"000, BD SCHLOESING",13055,,,,,,,,,,,,,
201500014208,"000, BD SCHLOESING",13055,,,,,,,,,,,,,
201500014208,"000, BD SCHLOESING",13055,,,,,,,,,,,,,
201500014208,"000, BD SCHLOESING",13055,,,,,,,,,,,,,
201500014210,"00, ALEX. FLEMING (BOULE",13055,,,,,,,,,,,,,
201500014210,"00, ALEX. FLEMING (BOULE",13055,,,,,,,,,,,,,
201500014233,AVE GEORGES BRAQUES,13055,,,,,,,,,,,,,
201500014254,SAINT LOUIS (AVENUE DE),13055,,,,,,,,,,,,,
201500014254,SAINT LOUIS (AVENUE DE),13055,,,,,,,,,,,,,
201500014254,SAINT LOUIS (AVENUE DE),13055,,,,,,,,,,,,,
201500014264,RTE LEON LACHAMP,13055,,,,,,,,,,,,,
201500014268,"00, BD RABATAU",13055,,,,,,,,,,,,,
201500014268,"00, BD RABATAU",13055,,,,,,,,,,,,,
201500014268,"00, BD RABATAU",13055,,,,,,,,,,,,,
201500014270,RTE LEON LACHAMP,13055,,,,,,,,,,,,,
201500014293,"37, AVE DE CHATEAU GOMBE",13055,,,,,,,,,,,,,
201500014293,"37, AVE DE CHATEAU GOMBE",13055,,,,,,,,,,,,,
201500014295,"00, RUE MARENGO",13055,,,,,,,,,,,,,
201500014295,"00, RUE MARENGO",13055,,,,,,,,,,,,,
201500014300,"99, BD DE LA SAVINE*",13055,,,,,,,,,,,,,
201500014304,"1527, RUE DE LA MAURELLE",13055,,,,,,,,,,,,,
201500014304,"1527, RUE DE LA MAURELLE",13055,,,,,,,,,,,,,
201500014308,AVE DE LATTRE DE TASSIGN,13055,,,,,,,,,,,,,
201500014308,AVE DE LATTRE DE TASSIGN,13055,,,,,,,,,,,,,
201500014308,AVE DE LATTRE DE TASSIGN,13055,,,,,,,,,,,,,
201500014310,BD RABATAU,13055,,,,,,,,,,,,,
201500014310,BD RABATAU,13055,,,,,,,,,,,,,
201500014331,"00, COLGATE (TRAVERSE)",13055,,,,,,,,,,,,,
201500014331,"00, COLGATE (TRAVERSE)",13055,,,,,,,,,,,,,
201500014331,"00, COLGATE (TRAVERSE)",13055,,,,,,,,,,,,,
201500014332,"01, MTE ANTOINE CASTEJON",13055,,,,,,,,,,,,,
201500014332,"01, MTE ANTOINE CASTEJON",13055,,,,,,,,,,,,,
201500014333,"00, STRASBOURG (BOULEVAR",13055,,,,,,,,,,,,,
201500014333,"00, STRASBOURG (BOULEVAR",13055,,,,,,,,,,,,,
201500014333,"00, STRASBOURG (BOULEVAR",13055,,,,,,,,,,,,,
201500014333,"00, STRASBOURG (BOULEVAR",13055,,,,,,,,,,,,,
201500014333,"00, STRASBOURG (BOULEVAR",13055,,,,,,,,,,,,,
201500014371,"00, AVE DE LA PEYPINE",13055,,,,,,,,,,,,,
201500014371,"00, AVE DE LA PEYPINE",13055,,,,,,,,,,,,,
201500014371,"00, AVE DE LA PEYPINE",13055,,,,,,,,,,,,,
201500014371,"00, AVE DE LA PEYPINE",13055,,,,,,,,,,,,,
201500014391,ALBERT COHEN (RUE),13055,,,,,,,,,,,,,
201500014391,ALBERT COHEN (RUE),13055,,,,,,,,,,,,,
201500014391,ALBERT COHEN (RUE),13055,,,,,,,,,,,,,
201500014397,"00, IMP RAVEL",13055,,,,,,,,,,,,,
201500014397,"00, IMP RAVEL",13055,,,,,,,,,,,,,
201500014402,"00, AVE ALEXANDRE FLEMIN",13055,,,,,,,,,,,,,
201500014402,"00, AVE ALEXANDRE FLEMIN",13055,,,,,,,,,,,,,
201500014406,AVE RAIMU,13055,,,,,,,,,,,,,
201500014406,AVE RAIMU,13055,,,,,,,,,,,,,
201500014412,"00, TRA DES CAILLOLS",13055,,,,,,,,,,,,,
201500014425,TUN TUNNEL ST CHARLES /,13055,,,,,,,,,,,,,
201500014441,BD JEAN MOULIN,13055,,,,,,,,,,,,,
201500014441,BD JEAN MOULIN,13055,,,,,,,,,,,,,
201500014465,"100000, RUE DE RUFFI",13055,,,,,,,,,,,,,
201500014465,"100000, RUE DE RUFFI",13055,,,,,,,,,,,,,
201500014469,AVE ANDRE ROUSSIN,13055,,,,,,,,,,,,,
201500014469,AVE ANDRE ROUSSIN,13055,,,,,,,,,,,,,
201500014476,"00, BD DE L' HUVEAUNE",13055,,,,,,,,,,,,,
201500014480,"00, AVE DU PRADO",13055,,,,,,,,,,,,,
201500014480,"00, AVE DU PRADO",13055,,,,,,,,,,,,,
201500014533,LUMINY (AVENUE DE),13055,,,,,,,,,,,,,
201500014533,LUMINY (AVENUE DE),13055,,,,,,,,,,,,,
201500014534,MICHELET (BOULEVARD),13055,,,,,,,,,,,,,
201500014534,MICHELET (BOULEVARD),13055,,,,,,,,,,,,,
201500014539,"0, G�N�RAL LECLERC (RUE)",13055,,,,,,,,,,,,,
201500014539,"0, G�N�RAL LECLERC (RUE)",13055,,,,,,,,,,,,,
201500014540,"00, BD JEAN MOULIN",13055,,,,,,,,,,,,,
201500014540,"00, BD JEAN MOULIN",13055,,,,,,,,,,,,,
201500014540,"00, BD JEAN MOULIN",13055,,,,,,,,,,,,,
201500014548,AVE JEAN PAUL SARTRE,13055,,,,,,,,,,,,,
201500014548,AVE JEAN PAUL SARTRE,13055,,,,,,,,,,,,,
201500014549,"00, ANTONIN ARTAUD (PLAC",13055,,,,,,,,,,,,,
201500014549,"00, ANTONIN ARTAUD (PLAC",13055,,,,,,,,,,,,,
201500014555,AVE JEAN PAUL SARTRE,13055,,,,,,,,,,,,,
201500014555,AVE JEAN PAUL SARTRE,13055,,,,,,,,,,,,,
201500014562,"00, CHE DU ROY D' ESPAGN",13055,,,,,,,,,,,,,
201500014562,"00, CHE DU ROY D' ESPAGN",13055,,,,,,,,,,,,,
201500014584,AVE DES AYGALADES,13055,,,,,,,,,,,,,
201500014584,AVE DES AYGALADES,13055,,,,,,,,,,,,,
201500014632,"24, BD DU METRO",13055,,,,,,,,,,,,,
201500014635,"25, SUD PERE LO (RUE",13055,,,,,,,,,,,,,
201500014635,"25, SUD PERE LO (RUE",13055,,,,,,,,,,,,,
201500014641,"24, ALBERT EINSTEIN (RUE",13055,,,,,,,,,,,,,
201500014641,"24, ALBERT EINSTEIN (RUE",13055,,,,,,,,,,,,,
201500014674,"00, RUE DES TILLEULS",13055,,,,,,,,,,,,,
201500014677,"00, LITTORAL (CHEMIN DU)",13055,,,,,,,,,,,,,
201500014678,CHEMIN DU MERLAN A LA RO,13055,,,,,,,,,,,,,
201500014678,CHEMIN DU MERLAN A LA RO,13055,,,,,,,,,,,,,
201500014678,CHEMIN DU MERLAN A LA RO,13055,,,,,,,,,,,,,
201500014685,BASILE BARRELIER (BOULEV,13055,,,,,,,,,,,,,
201500014685,BASILE BARRELIER (BOULEV,13055,,,,,,,,,,,,,
201500014685,BASILE BARRELIER (BOULEV,13055,,,,,,,,,,,,,
201500014685,BASILE BARRELIER (BOULEV,13055,,,,,,,,,,,,,
201500014731,AVE DE SAINT MENET*,13055,,,,,,,,,,,,,
201500014731,AVE DE SAINT MENET*,13055,,,,,,,,,,,,,
201500014731,AVE DE SAINT MENET*,13055,,,,,,,,,,,,,
201500014738,ROGER BRUN (RUE),13055,,,,,,,,,,,,,
201500014738,ROGER BRUN (RUE),13055,,,,,,,,,,,,,
201500014738,ROGER BRUN (RUE),13055,,,,,,,,,,,,,
201500014738,ROGER BRUN (RUE),13055,,,,,,,,,,,,,
201500014740,"00, BD CHARLES LIVON",13055,,,,,,,,,,,,,
201500014740,"00, BD CHARLES LIVON",13055,,,,,,,,,,,,,
201500014744,"20, AVE JEAN LOMBARD",13055,,,,,,,,,,,,,
201500014744,"20, AVE JEAN LOMBARD",13055,,,,,,,,,,,,,
201500014745,"246, LYON (RUE DE)",13055,,,,,,,,,,,,,
201500014745,"246, LYON (RUE DE)",13055,,,,,,,,,,,,,
201500014745,"246, LYON (RUE DE)",13055,,,,,,,,,,,,,
201500014745,"246, LYON (RUE DE)",13055,,,,,,,,,,,,,
201500014745,"246, LYON (RUE DE)",13055,,,,,,,,,,,,,
201500014746,"00, L�ON LACHAMP (ROUTE)",13055,,,,,,,,,,,,,
201500014746,"00, L�ON LACHAMP (ROUTE)",13055,,,,,,,,,,,,,
201500014796,MENDES FRANCE (AVENUE),13055,,,,,,,,,,,,,
201500014796,MENDES FRANCE (AVENUE),13055,,,,,,,,,,,,,
201500014830,CARGO RHIN FIDELI (RUE),13055,,,,,,,,,,,,,
201500014830,CARGO RHIN FIDELI (RUE),13055,,,,,,,,,,,,,
201500014842,"00, BELGES (QUAI DES)",13055,,,,,,,,,,,,,
201500014842,"00, BELGES (QUAI DES)",13055,,,,,,,,,,,,,
201500014842,"00, BELGES (QUAI DES)",13055,,,,,,,,,,,,,
201500014842,"00, BELGES (QUAI DES)",13055,,,,,,,,,,,,,
201500014895,"15, VON FUTUR COLLEGE ST",13055,,,,,,,,,,,,,
201500014895,"15, VON FUTUR COLLEGE ST",13055,,,,,,,,,,,,,
201500014900,SABLIERE (ROUTE DE LA),13055,,,,,,,,,,,,,
201500014900,SABLIERE (ROUTE DE LA),13055,,,,,,,,,,,,,
201500014941,"00, RODOCANACHI (BOULEVA",13055,43.2804,5.3806,Marseille,0.11,city,13055,,Marseille,,13000,Marseille,"13, Bouches-du-Rhône, Provence-Alpes-Côte-d'Azur",13055
201500014941,"00, RODOCANACHI (BOULEVA",13055,43.2804,5.3806,Marseille,0.11,city,13055,,Marseille,,13000,Marseille,"13, Bouches-du-Rhône, Provence-Alpes-Côte-d'Azur",13055
201500015028,"00, BARQUIERE (AVENUE DE",13055,,,,,,,,,,,,,
201500015063,"27, SCHLOESING (BOULEVAR",13055,,,,,,,,,,,,,
201500015063,"27, SCHLOESING (BOULEVAR",13055,,,,,,,,,,,,,
201500015071,GASTON FLOTTE*(RUE),13055,,,,,,,,,,,,,
201500015071,GASTON FLOTTE*(RUE),13055,,,,,,,,,,,,,
201500015071,GASTON FLOTTE*(RUE),13055,,,,,,,,,,,,,
201500015110,BOURRELY (CHEMIN DES),13055,,,,,,,,,,,,,
201500015110,BOURRELY (CHEMIN DES),13055,,,,,,,,,,,,,
201500015134,"00, RUE ELEMIR BOURGES",13055,,,,,,,,,,,,,
201500015160,"0, CARGO RHIN FIDELI (RU",13055,,,,,,,,,,,,,
201500015160,"0, CARGO RHIN FIDELI (RU",13055,,,,,,,,,,,,,
201500015247,"110, LYON (RUE DE)",13055,,,,,,,,,,,,,
201500015247,"110, LYON (RUE DE)",13055,,,,,,,,,,,,,
201500015303,SALVADOR ALLENDE (RUE),13055,,,,,,,,,,,,,
201500015303,SALVADOR ALLENDE (RUE),13055,,,,,,,,,,,,,
201500015345,LIBERATION (BOULEVARD,13055,,,,,,,,,,,,,
201500015345,LIBERATION (BOULEVARD,13055,,,,,,,,,,,,,
201500015360,CURIE (BOULEVARD),13055,,,,,,,,,,,,,
201500015360,CURIE (BOULEVARD),13055,,,,,,,,,,,,,
201500015365,ROUET (RUE DU),13055,43.2804,5.3806,Marseille,0.08,city,13055,,Marseille,,13000,Marseille,"13, Bouches-du-Rhône, Provence-Alpes-Côte-d'Azur",13055
201500015373,"1, JOSEPH CLERISSY (RUE)",13055,,,,,,,,,,,,,
201500015373,"1, JOSEPH CLERISSY (RUE)",13055,,,,,,,,,,,,,
201500015373,"1, JOSEPH CLERISSY (RUE)",13055,,,,,,,,,,,,,
201500015393,L�ON LACHAMP*(ROUTE),13055,,,,,,,,,,,,,
201500015393,L�ON LACHAMP*(ROUTE),13055,,,,,,,,,,,,,
201500015415,"00, BD VIDAL",13055,,,,,,,,,,,,,
201500015415,"00, BD VIDAL",13055,,,,,,,,,,,,,
201500015447,"7, RAIMU (avenue)",13055,,,,,,,,,,,,,
201500015447,"7, RAIMU (avenue)",13055,,,,,,,,,,,,,
201500015461,"00, BAILLE (BOULEVARD)",13055,,,,,,,,,,,,,
201500015461,"00, BAILLE (BOULEVARD)",13055,,,,,,,,,,,,,
201500015496,SAINT PIERRE (RUE),13055,,,,,,,,,,,,,
201500015496,SAINT PIERRE (RUE),13055,,,,,,,,,,,,,
201500015496,SAINT PIERRE (RUE),13055,,,,,,,,,,,,,
201500015496,SAINT PIERRE (RUE),13055,,,,,,,,,,,,,
201500015553,TUNNEL PRADO SUD,13055,,,,,,,,,,,,,
201500015553,TUNNEL PRADO SUD,13055,,,,,,,,,,,,,
201500015556,"00, HENRI BARNIER (BOULE",13055,,,,,,,,,,,,,
201500015556,"00, HENRI BARNIER (BOULE",13055,,,,,,,,,,,,,
201500015567,PEINTRES ROUX (AVENUE DE,13055,,,,,,,,,,,,,
201500015567,PEINTRES ROUX (AVENUE DE,13055,,,,,,,,,,,,,
201500015567,PEINTRES ROUX (AVENUE DE,13055,,,,,,,,,,,,,
201500015567,PEINTRES ROUX (AVENUE DE,13055,,,,,,,,,,,,,
201500015576,ROVE (ROUTE DU),13055,,,,,,,,,,,,,
201500015576,ROVE (ROUTE DU),13055,,,,,,,,,,,,,
201500015608,ESCAD.NORMA,13055,,,,,,,,,,,,,
201500015608,ESCAD.NORMA,13055,,,,,,,,,,,,,
201500015629,"00, MARCEL ACHILLE (BOUL",13055,,,,,,,,,,,,,
201500015629,"00, MARCEL ACHILLE (BOUL",13055,,,,,,,,,,,,,
201500015629,"00, MARCEL ACHILLE (BOUL",13055,,,,,,,,,,,,,
201500015654,ROLAND DORGELES (BOULEVA,13055,,,,,,,,,,,,,
201500015654,ROLAND DORGELES (BOULEVA,13055,,,,,,,,,,,,,
201500015654,ROLAND DORGELES (BOULEVA,13055,,,,,,,,,,,,,
201500015673,"00, SABLIERE (ROUTE DE L",13055,,,,,,,,,,,,,
201500015673,"00, SABLIERE (ROUTE DE L",13055,,,,,,,,,,,,,
201500015673,"00, SABLIERE (ROUTE DE L",13055,,,,,,,,,,,,,
201500015718,CHATEAU GOMBERT CHEMIN,13055,,,,,,,,,,,,,
201500015718,CHATEAU GOMBERT CHEMIN,13055,,,,,,,,,,,,,
201500015727,"00, HAMBOURG (BOULEVARD)",13055,,,,,,,,,,,,,
201500015727,"00, HAMBOURG (BOULEVARD)",13055,,,,,,,,,,,,,
201500015728,CAMOINS ......,13055,43.2804,5.3806,Marseille,0.08,city,13055,,Marseille,,13000,Marseille,"13, Bouches-du-Rhône, Provence-Alpes-Côte-d'Azur",13055
201500015728,CAMOINS ......,13055,43.2804,5.3806,Marseille,0.08,city,13055,,Marseille,,13000,Marseille,"13, Bouches-du-Rhône, Provence-Alpes-Côte-d'Azur",13055
201500015728,CAMOINS ......,13055,43.2804,5.3806,Marseille,0.08,city,13055,,Marseille,,13000,Marseille,"13, Bouches-du-Rhône, Provence-Alpes-Côte-d'Azur",13055
201500015743,"00, SAINT LOUIS (RUE)",13055,,,,,,,,,,,,,
201500015743,"00, SAINT LOUIS (RUE)",13055,,,,,,,,,,,,,
201500015778,JULES CANTINI (AVENU,13055,,,,,,,,,,,,,
201500015778,JULES CANTINI (AVENU,13055,,,,,,,,,,,,,
201500015794,FLORIAN (AVENUE),13055,,,,,,,,,,,,,
201500015794,FLORIAN (AVENUE),13055,,,,,,,,,,,,,
201500015803,"00, TRA DES ROSIERS",13055,,,,,,,,,,,,,
201500015803,"00, TRA DES ROSIERS",13055,,,,,,,,,,,,,
201500015803,"00, TRA DES ROSIERS",13055,,,,,,,,,,,,,
201500015806,"58, MTE DE SAINT MENET",13055,,,,,,,,,,,,,
201500015806,"58, MTE DE SAINT MENET",13055,,,,,,,,,,,,,
201500015806,"58, MTE DE SAINT MENET",13055,,,,,,,,,,,,,
201500016074,"130, FRANCOIS MITTERAND",13055,,,,,,,,,,,,,
201500016074,"130, FRANCOIS MITTERAND",13055,,,,,,,,,,,,,
201500049928,A50 VILLEVIEILLE/MARSEIL,13055,43.2804,5.3806,Marseille,0.4,city,13055,,Marseille,,13000,Marseille,"13, Bouches-du-Rhône, Provence-Alpes-Côte-d'Azur",13055
201500049928,A50 VILLEVIEILLE/MARSEIL,13055,43.2804,5.3806,Marseille,0.4,city,13055,,Marseille,,13000,Marseille,"13, Bouches-du-Rhône, Provence-Alpes-Côte-d'Azur",13055
201500049928,A50 VILLEVIEILLE/MARSEIL,13055,43.2804,5.3806,Marseille,0.4,city,13055,,Marseille,,13000,Marseille,"13, Bouches-du-Rhône, Provence-Alpes-Côte-d'Azur",13055
201500049928,A50 VILLEVIEILLE/MARSEIL,13055,43.2804,5.3806,Marseille,0.4,city,13055,,Marseille,,13000,Marseille,"13, Bouches-du-Rhône, Provence-Alpes-Côte-d'Azur",13055
201500049931,A7-Sens Lyon vers*Marsei,13055,,,,,,,,,,,,,
201500049931,A7-Sens Lyon vers*Marsei,13055,,,,,,,,,,,,,
201500049933,A7-Sens Marseille vers*L,13055,,,,,,,,,,,,,
201500049933,A7-Sens Marseille vers*L,13055,,,,,,,,,,,,,
201500049937,A50-Sens Aubagne vers*Ma,13055,,,,,,,,,,,,,
201500049939,A7-Sens Lyon vers Marsei,13055,,,,,,,,,,,,,
201500049939,A7-Sens Lyon vers Marsei,13055,,,,,,,,,,,,,
201500049940,A50-Sens Aubagne vers*Ma,13055,,,,,,,,,,,,,
201500049940,A50-Sens Aubagne vers*Ma,13055,,,,,,,,,,,,,
201500049941,Sens Aubagne vers*Marsei,13055,,,,,,,,,,,,,
201500049941,Sens Aubagne vers*Marsei,13055,,,,,,,,,,,,,
201500049942,A7-Sens Marseille vers L,13055,,,,,,,,,,,,,
201500049942,A7-Sens Marseille vers L,13055,,,,,,,,,,,,,
201500049943,A7-Sens Lyon vers*Marsei,13055,,,,,,,,,,,,,
201500049943,A7-Sens Lyon vers*Marsei,13055,,,,,,,,,,,,,
201500049943,A7-Sens Lyon vers*Marsei,13055,,,,,,,,,,,,,
201500049943,A7-Sens Lyon vers*Marsei,13055,,,,,,,,,,,,,
201500049944,A7-Sens Marseille vers*L,13055,,,,,,,,,,,,,
201500049944,A7-Sens Marseille vers*L,13055,,,,,,,,,,,,,
201500049944,A7-Sens Marseille vers*L,13055,,,,,,,,,,,,,
201500049944,A7-Sens Marseille vers*L,13055,,,,,,,,,,,,,
201500049944,A7-Sens Marseille vers*L,13055,,,,,,,,,,,,,
201500049948,A7-Sens Lyon vers*Marsei,13055,,,,,,,,,,,,,
201500049948,A7-Sens Lyon vers*Marsei,13055,,,,,,,,,,,,,
201500049950,A7-Sens Marseille vers*L,13055,,,,,,,,,,,,,
201500049950,A7-Sens Marseille vers*L,13055,,,,,,,,,,,,,
201500049950,A7-Sens Marseille vers*L,13055,,,,,,,,,,,,,
201500049950,A7-Sens Marseille vers*L,13055,,,,,,,,,,,,,
201500049951,A55-Sens Martigues*vers,13055,,,,,,,,,,,,,
201500049952,A7-Sens Lyon vers*Marsei,13055,,,,,,,,,,,,,
201500049952,A7-Sens Lyon vers*Marsei,13055,,,,,,,,,,,,,
201500049952,A7-Sens Lyon vers*Marsei,13055,,,,,,,,,,,,,
201500049953,A55-Sens Marseille*vers,13055,,,,,,,,,,,,,
201500049953,A55-Sens Marseille*vers,13055,,,,,,,,,,,,,
201500049953,A55-Sens Marseille*vers,13055,,,,,,,,,,,,,
201500049956,A55-Sens Marseille*vers,13055,,,,,,,,,,,,,
201500049956,A55-Sens Marseille*vers,13055,,,,,,,,,,,,,
201500049956,A55-Sens Marseille*vers,13055,,,,,,,,,,,,,
201500049958,A557-Liaison A7*Marseill,13055,,,,,,,,,,,,,
201500049958,A557-Liaison A7*Marseill,13055,,,,,,,,,,,,,
201500049961,A55-Sens Martigues *vers,13055,,,,,,,,,,,,,
201500049961,A55-Sens Martigues *vers,13055,,,,,,,,,,,,,
201500049962,A7-Sens Lyon vers*Marsei,13055,,,,,,,,,,,,,
201500049962,A7-Sens Lyon vers*Marsei,13055,,,,,,,,,,,,,
201500049962,A7-Sens Lyon vers*Marsei,13055,,,,,,,,,,,,,
201500049962,A7-Sens Lyon vers*Marsei,13055,,,,,,,,,,,,,
201500049962,A7-Sens Lyon vers*Marsei,13055,,,,,,,,,,,,,
201500049962,A7-Sens Lyon vers*Marsei,13055,,,,,,,,,,,,,
201500049962,A7-Sens Lyon vers*Marsei,13055,,,,,,,,,,,,,
201500049967,A7-Sens Lyon vers*Marsei,13055,,,,,,,,,,,,,
201500049967,A7-Sens Lyon vers*Marsei,13055,,,,,,,,,,,,,
201500049967,A7-Sens Lyon vers*Marsei,13055,,,,,,,,,,,,,
201500049967,A7-Sens Lyon vers*Marsei,13055,,,,,,,,,,,,,
201500049972,A7-Sens Lyon vers*Marsei,13055,,,,,,,,,,,,,
201500049976,A7-Sens Marseille vers*L,13055,,,,,,,,,,,,,
201500049976,A7-Sens Marseille vers*L,13055,,,,,,,,,,,,,
201500049976,A7-Sens Marseille vers*L,13055,,,,,,,,,,,,,
201500049977,A50-Sens Marseille*vers,13055,,,,,,,,,,,,,
201500049977,A50-Sens Marseille*vers,13055,,,,,,,,,,,,,
201500049979,A55-Sens Marseille*vers,13055,,,,,,,,,,,,,
201500049982,A50-Sens Marseille*vers,13055,,,,,,,,,,,,,
201500049984,A55-Sens Marseille*vers,13055,,,,,,,,,,,,,
201500049984,A55-Sens Marseille*vers,13055,,,,,,,,,,,,,
201500049984,A55-Sens Marseille*vers,13055,,,,,,,,,,,,,
201500049984,A55-Sens Marseille*vers,13055,,,,,,,,,,,,,
201500049984,A55-Sens Marseille*vers,13055,,,,,,,,,,,,,
201500049984,A55-Sens Marseille*vers,13055,,,,,,,,,,,,,
201500049984,A55-Sens Marseille*vers,13055,,,,,,,,,,,,,
201500049984,A55-Sens Marseille*vers,13055,,,,,,,,,,,,,
201500049984,A55-Sens Marseille*vers,13055,,,,,,,,,,,,,
201500049984,A55-Sens Marseille*vers,13055,,,,,,,,,,,,,
201500049986,A50-Sens Aubagne vers*Ma,13055,,,,,,,,,,,,,
201500049990,A7-Sens Lyon vers*Marsei,13055,,,,,,,,,,,,,
201500049990,A7-Sens Lyon vers*Marsei,13055,,,,,,,,,,,,,
201500049991,A55-Sens Marseille*vers,13055,,,,,,,,,,,,,
201500049991,A55-Sens Marseille*vers,13055,,,,,,,,,,,,,
201500049994,A557-Liaison A7*Marseill,13055,,,,,,,,,,,,,
201500049994,A557-Liaison A7*Marseill,13055,,,,,,,,,,,,,
201500049996,A557-Liaison A7*Marseill,13055,,,,,,,,,,,,,
201500049996,A557-Liaison A7*Marseill,13055,,,,,,,,,,,,,
201500049998,A50-Sens Aubagne vers*Ma,13055,,,,,,,,,,,,,
201500049998,A50-Sens Aubagne vers*Ma,13055,,,,,,,,,,,,,
201500049999,A50-Sens Aubagne vers Ma,13055,,,,,,,,,,,,,
201500049999,A50-Sens Aubagne vers Ma,13055,,,,,,,,,,,,,
201500049999,A50-Sens Aubagne vers Ma,13055,,,,,,,,,,,,,
201500049999,A50-Sens Aubagne vers Ma,13055,,,,,,,,,,,,,
201500050000,A50-Sens Marseille*vers,13055,,,,,,,,,,,,,
201500050000,A50-Sens Marseille*vers,13055,,,,,,,,,,,,,
201500050000,A50-Sens Marseille*vers,13055,,,,,,,,,,,,,
201500050001,A7-Sens Lyon vers*Marsei,13055,,,,,,,,,,,,,
201500050001,A7-Sens Lyon vers*Marsei,13055,,,,,,,,,,,,,
201500050001,A7-Sens Lyon vers*Marsei,13055,,,,,,,,,,,,,
201500050001,A7-Sens Lyon vers*Marsei,13055,,,,,,,,,,,,,
201500050001,A7-Sens Lyon vers*Marsei,13055,,,,,,,,,,,,,
201500050001,A7-Sens Lyon vers*Marsei,13055,,,,,,,,,,,,,
201500050004,Sens Aubagne vers*Marsei,13055,,,,,,,,,,,,,
201500050004,Sens Aubagne vers*Marsei,13055,,,,,,,,,,,,,
201500050006,A7-Sens Lyon vers*Marsei,13055,,,,,,,,,,,,,
201500050006,A7-Sens Lyon vers*Marsei,13055,,,,,,,,,,,,,
201500050006,A7-Sens Lyon vers*Marsei,13055,,,,,,,,,,,,,
201500050008,A55-Sens Marseille vers,13055,,,,,,,,,,,,,
201500050008,A55-Sens Marseille vers,13055,,,,,,,,,,,,,
201500050008,A55-Sens Marseille vers,13055,,,,,,,,,,,,,
201500050008,A55-Sens Marseille vers,13055,,,,,,,,,,,,,
201500050010,A7-Sens Lyon vers Marsei,13055,,,,,,,,,,,,,
201500050010,A7-Sens Lyon vers Marsei,13055,,,,,,,,,,,,,
201500050010,A7-Sens Lyon vers Marsei,13055,,,,,,,,,,,,,
201500050010,A7-Sens Lyon vers Marsei,13055,,,,,,,,,,,,,
201500050012,A7-Sens Lyon vers*Marsei,13055,,,,,,,,,,,,,
201500050012,A7-Sens Lyon vers*Marsei,13055,,,,,,,,,,,,,
201500050012,A7-Sens Lyon vers*Marsei,13055,,,,,,,,,,,,,
201500050012,A7-Sens Lyon vers*Marsei,13055,,,,,,,,,,,,,
201500050020,A55-Sens Marseille vers,13055,,,,,,,,,,,,,
201500050020,A55-Sens Marseille vers,13055,,,,,,,,,,,,,
201500050025,A7-Sens Lyon vers Marsei,13055,,,,,,,,,,,,,
201500050025,A7-Sens Lyon vers Marsei,13055,,,,,,,,,,,,,
201500050025,A7-Sens Lyon vers Marsei,13055,,,,,,,,,,,,,
201500050028,A50-Sens Aubagne vers Ma,13055,,,,,,,,,,,,,
201500050028,A50-Sens Aubagne vers Ma,13055,,,,,,,,,,,,,
201500050028,A50-Sens Aubagne vers Ma,13055,,,,,,,,,,,,,
201500050028,A50-Sens Aubagne vers Ma,13055,,,,,,,,,,,,,
201500050030,TVPCD-Sens Les Ports ver,13055,,,,,,,,,,,,,
201500050030,TVPCD-Sens Les Ports ver,13055,,,,,,,,,,,,,
201500050032,A7-Sens Lyon vers*Marsei,13055,,,,,,,,,,,,,
201500050032,A7-Sens Lyon vers*Marsei,13055,,,,,,,,,,,,,
201500050033,A55-Sens Martigues*vers,13055,,,,,,,,,,,,,
201500050033,A55-Sens Martigues*vers,13055,,,,,,,,,,,,,
201500050037,A7-Sens Lyon vers*Marsei,13055,,,,,,,,,,,,,
201500050037,A7-Sens Lyon vers*Marsei,13055,,,,,,,,,,,,,
201500050037,A7-Sens Lyon vers*Marsei,13055,,,,,,,,,,,,,
201500050037,A7-Sens Lyon vers*Marsei,13055,,,,,,,,,,,,,
201500050038,A7-Sens Lyon vers*Marsei,13055,,,,,,,,,,,,,
201500050038,A7-Sens Lyon vers*Marsei,13055,,,,,,,,,,,,,
201500050040,A55-Sens Marseille*vers,13055,,,,,,,,,,,,,
201500050040,A55-Sens Marseille*vers,13055,,,,,,,,,,,,,
201500050040,A55-Sens Marseille*vers,13055,,,,,,,,,,,,,
201500050042,Tunnel Joliette vers A.5,13055,,,,,,,,,,,,,
201500050042,Tunnel Joliette vers A.5,13055,,,,,,,,,,,,,
201500050043,A7-Sens Lyon vers*Marsei,13055,,,,,,,,,,,,,
201500050043,A7-Sens Lyon vers*Marsei,13055,,,,,,,,,,,,,
201500050043,A7-Sens Lyon vers*Marsei,13055,,,,,,,,,,,,,
201500050043,A7-Sens Lyon vers*Marsei,13055,,,,,,,,,,,,,
201500050044,A50-Sens Marseille*vers,13055,,,,,,,,,,,,,
201500050044,A50-Sens Marseille*vers,13055,,,,,,,,,,,,,
201500050044,A50-Sens Marseille*vers,13055,,,,,,,,,,,,,
201500050044,A50-Sens Marseille*vers,13055,,,,,,,,,,,,,
201500050044,A50-Sens Marseille*vers,13055,,,,,,,,,,,,,
201500050044,A50-Sens Marseille*vers,13055,,,,,,,,,,,,,
201500050047,A7-Sens Marseille vers*L,13055,,,,,,,,,,,,,
201500050047,A7-Sens Marseille vers*L,13055,,,,,,,,,,,,,
201500050048,A7-Sens Lyon vers*Marsei,13055,,,,,,,,,,,,,
201500050048,A7-Sens Lyon vers*Marsei,13055,,,,,,,,,,,,,
201500050051,Tunnel Prado Car?nage,13055,,,,,,,,,,,,,
201500050051,Tunnel Prado Car?nage,13055,,,,,,,,,,,,,
201500050051,Tunnel Prado Car?nage,13055,,,,,,,,,,,,,
201500050052,Sens Aubagne vers*Marsei,13055,,,,,,,,,,,,,
201500050052,Sens Aubagne vers*Marsei,13055,,,,,,,,,,,,,
201500050052,Sens Aubagne vers*Marsei,13055,,,,,,,,,,,,,
201500050060,A7-Sens Lyon vers*Marsei,13055,,,,,,,,,,,,,
201500050060,A7-Sens Lyon vers*Marsei,13055,,,,,,,,,,,,,
201500050061,A50-Sens Aubagne vers*Ma,13055,,,,,,,,,,,,,
201500050061,A50-Sens Aubagne vers*Ma,13055,,,,,,,,,,,,,
201500050061,A50-Sens Aubagne vers*Ma,13055,,,,,,,,,,,,,
201500050062,TVPCD-Sens Les Ports*ver,13055,,,,,,,,,,,,,
201500050063,A557-Liaison A7*Marseill,13055,,,,,,,,,,,,,
201500050066,A7-Sens Lyon vers*Marsei,13055,,,,,,,,,,,,,
201500050066,A7-Sens Lyon vers*Marsei,13055,,,,,,,,,,,,,
201500050066,A7-Sens Lyon vers*Marsei,13055,,,,,,,,,,,,,
201500050069,A55-Sens Martigues*vers,13055,,,,,,,,,,,,,
201500050069,A55-Sens Martigues*vers,13055,,,,,,,,,,,,,
201500050069,A55-Sens Martigues*vers,13055,,,,,,,,,,,,,
201500050071,Sens Aubagne vers*Marsei,13055,,,,,,,,,,,,,
201500050071,Sens Aubagne vers*Marsei,13055,,,,,,,,,,,,,
201500050072,A50-Sens Marseille*vers,13055,,,,,,,,,,,,,
201500050073,A50-Sens Aubagne vers*Ma,13055,,,,,,,,,,,,,
201500050073,A50-Sens Aubagne vers*Ma,13055,,,,,,,,,,,,,
201500050078,A50-Sens Marseille*vers,13055,,,,,,,,,,,,,
201500050078,A50-Sens Marseille*vers,13055,,,,,,,,,,,,,
201500050078,A50-Sens Marseille*vers,13055,,,,,,,,,,,,,
201500050078,A50-Sens Marseille*vers,13055,,,,,,,,,,,,,
201500050080,A7-Sens Lyon vers*Marsei,13055,,,,,,,,,,,,,
201500050080,A7-Sens Lyon vers*Marsei,13055,,,,,,,,,,,,,
201500050081,A50-Sens Aubagne*vers Ma,13055,,,,,,,,,,,,,
201500050081,A50-Sens Aubagne*vers Ma,13055,,,,,,,,,,,,,
201500050081,A50-Sens Aubagne*vers Ma,13055,,,,,,,,,,,,,
201500050082,A7-Sens Lyon*vers Marsei,13055,,,,,,,,,,,,,
201500050082,A7-Sens Lyon*vers Marsei,13055,,,,,,,,,,,,,
201500050082,A7-Sens Lyon*vers Marsei,13055,,,,,,,,,,,,,
201500050082,A7-Sens Lyon*vers Marsei,13055,,,,,,,,,,,,,
201500050082,A7-Sens Lyon*vers Marsei,13055,,,,,,,,,,,,,
201500050086,A55-Sens Martigues*vers,13055,,,,,,,,,,,,,
201500050087,A50-Sens Aubagne vers*Ma,13055,,,,,,,,,,,,,
201500050087,A50-Sens Aubagne vers*Ma,13055,,,,,,,,,,,,,
201500050088,A7-Sens Lyon vers^Marsei,13055,,,,,,,,,,,,,
201500050088,A7-Sens Lyon vers^Marsei,13055,,,,,,,,,,,,,
201500050092,A55-Sens Marseille*vers,13055,,,,,,,,,,,,,
201500050094,A7-Sens Lyon vers*Marsei,13055,,,,,,,,,,,,,
201500050094,A7-Sens Lyon vers*Marsei,13055,,,,,,,,,,,,,
201500050094,A7-Sens Lyon vers*Marsei,13055,,,,,,,,,,,,,
201500050096,A7-Sens Marseille vers�L,13055,,,,,,,,,,,,,
201500050096,A7-Sens Marseille vers�L,13055,,,,,,,,,,,,,
201500050096,A7-Sens Marseille vers�L,13055,,,,,,,,,,,,,
201500050096,A7-Sens Marseille vers�L,13055,,,,,,,,,,,,,
201500050097,A50-Sens Marseille*vers,13055,,,,,,,,,,,,,
201500050099,A50-Sens Aubagne vers*Ma,13055,,,,,,,,,,,,,
201500050100,TVPCD-Sens Les Ports ver,13055,,,,,,,,,,,,,
201500050100,TVPCD-Sens Les Ports ver,13055,,,,,,,,,,,,,
201500050103,A7-Sens Lyon vers Marsei,13055,,,,,,,,,,,,,
201500050103,A7-Sens Lyon vers Marsei,13055,,,,,,,,,,,,,
201500050103,A7-Sens Lyon vers Marsei,13055,,,,,,,,,,,,,
201500050104,A7-Sens Lyon vers*Marsei,13055,,,,,,,,,,,,,
201500050104,A7-Sens Lyon vers*Marsei,13055,,,,,,,,,,,,,
201500050107,A7-Sens Lyon vers*Marsei,13055,,,,,,,,,,,,,
201500050107,A7-Sens Lyon vers*Marsei,13055,,,,,,,,,,,,,
201500050108,A55-Sens Marseille*vers,13055,,,,,,,,,,,,,
201500050108,A55-Sens Marseille*vers,13055,,,,,,,,,,,,,
201500050109,TVPCM-Sens Saint Victor,13055,,,,,,,,,,,,,
201500050110,Sens Aubagne vers*Marsei,13055,,,,,,,,,,,,,
201500050110,Sens Aubagne vers*Marsei,13055,,,,,,,,,,,,,
201500050110,Sens Aubagne vers*Marsei,13055,,,,,,,,,,,,,
201500050112,Sens Aubagne vers*Marsei,13055,,,,,,,,,,,,,
201500050112,Sens Aubagne vers*Marsei,13055,,,,,,,,,,,,,
201500050112,Sens Aubagne vers*Marsei,13055,,,,,,,,,,,,,
201500050112,Sens Aubagne vers*Marsei,13055,,,,,,,,,,,,,
201500050113,A55-Sens Marseille*vers,13055,,,,,,,,,,,,,
201500050113,A55-Sens Marseille*vers,13055,,,,,,,,,,,,,
201500050113,A55-Sens Marseille*vers,13055,,,,,,,,,,,,,
201500050113,A55-Sens Marseille*vers,13055,,,,,,,,,,,,,
201500050114,A50-Sens Marseille*vers,13055,,,,,,,,,,,,,
201500050114,A50-Sens Marseille*vers,13055,,,,,,,,,,,,,
201500050116,A55-Sens Martigues*vers,13055,,,,,,,,,,,,,
201500050116,A55-Sens Martigues*vers,13055,,,,,,,,,,,,,
201500050116,A55-Sens Martigues*vers,13055,,,,,,,,,,,,,
201500050118,A7-Sens Marseille vers*L,13055,,,,,,,,,,,,,
201500050118,A7-Sens Marseille vers*L,13055,,,,,,,,,,,,,
201500050119,A55-Sens Marseille*vers,13055,,,,,,,,,,,,,
201500050119,A55-Sens Marseille*vers,13055,,,,,,,,,,,,,
201500050124,A7-Sens Lyon vers Marsei,13055,,,,,,,,,,,,,
201500050124,A7-Sens Lyon vers Marsei,13055,,,,,,,,,,,,,
201500050129,A50-Sens Aubagne vers*Ma,13055,,,,,,,,,,,,,
201500050129,A50-Sens Aubagne vers*Ma,13055,,,,,,,,,,,,,
201500050129,A50-Sens Aubagne vers*Ma,13055,,,,,,,,,,,,,
201500050129,A50-Sens Aubagne vers*Ma,13055,,,,,,,,,,,,,
201500050129,A50-Sens Aubagne vers*Ma,13055,,,,,,,,,,,,,
201500050131,A7-Sens Marseille vers*L,13055,,,,,,,,,,,,,
201500050149,A50-Sens Aubagne vers*Ma,13055,,,,,,,,,,,,,
201500050151,A7-Sens Lyon vers*Marsei,13055,,,,,,,,,,,,,
201500050151,A7-Sens Lyon vers*Marsei,13055,,,,,,,,,,,,,
201500050151,A7-Sens Lyon vers*Marsei,13055,,,,,,,,,,,,,
201500050151,A7-Sens Lyon vers*Marsei,13055,,,,,,,,,,,,,
201500050151,A7-Sens Lyon vers*Marsei,13055,,,,,,,,,,,,,
201500050158,A55-Sens Martigues*vers,13055,,,,,,,,,,,,,
201500050162,Axe Littoral Sens*Nord -,13055,,,,,,,,,,,,,
201500050163,A55-Sens Marseille*vers,13055,,,,,,,,,,,,,
201500050163,A55-Sens Marseille*vers,13055,,,,,,,,,,,,,
201500050163,A55-Sens Marseille*vers,13055,,,,,,,,,,,,,
201500050166,A50-Sens Aubagne vers*Ma,13055,,,,,,,,,,,,,
201500050166,A50-Sens Aubagne vers*Ma,13055,,,,,,,,,,,,,
201500050167,A55-Sens Martigues*vers,13055,,,,,,,,,,,,,
201500050167,A55-Sens Martigues*vers,13055,,,,,,,,,,,,,
201500050170,A50-Sens Aubagne vers*Ma,13055,,,,,,,,,,,,,
201500050170,A50-Sens Aubagne vers*Ma,13055,,,,,,,,,,,,,
201500050173,A7-Sens Lyon vers*Marsei,13055,,,,,,,,,,,,,
201500050173,A7-Sens Lyon vers*Marsei,13055,,,,,,,,,,,,,
201500050175,Tunnel Joliette*vers A.5,13055,,,,,,,,,,,,,
201500050175,Tunnel Joliette*vers A.5,13055,,,,,,,,,,,,,
201500050176,TVPCM-Sens Saint*Victor,13055,,,,,,,,,,,,,
201500050176,TVPCM-Sens Saint*Victor,13055,,,,,,,,,,,,,
201500050176,TVPCM-Sens Saint*Victor,13055,,,,,,,,,,,,,
201500050180,Sens Aubagne vers*Marsei,13055,,,,,,,,,,,,,
201500050180,Sens Aubagne vers*Marsei,13055,,,,,,,,,,,,,
201500050180,Sens Aubagne vers*Marsei,13055,,,,,,,,,,,,,
201500050180,Sens Aubagne vers*Marsei,13055,,,,,,,,,,,,,
201500050183,A7-Sens Lyon vers*Marsei,13055,,,,,,,,,,,,,
201500050183,A7-Sens Lyon vers*Marsei,13055,,,,,,,,,,,,,
201500050186,A55-Sens Martigues*vers,13055,,,,,,,,,,,,,
201500050186,A55-Sens Martigues*vers,13055,,,,,,,,,,,,,
201500050188,A7-Sens Lyon vers Marsei,13055,,,,,,,,,,,,,
201500050188,A7-Sens Lyon vers Marsei,13055,,,,,,,,,,,,,
201500050194,A7-Sens Lyon vers*Marsei,13055,,,,,,,,,,,,,
201500050194,A7-Sens Lyon vers*Marsei,13055,,,,,,,,,,,,,
201500050194,A7-Sens Lyon vers*Marsei,13055,,,,,,,,,,,,,
201500050194,A7-Sens Lyon vers*Marsei,13055,,,,,,,,,,,,,
201500050194,A7-Sens Lyon vers*Marsei,13055,,,,,,,,,,,,,
201500050194,A7-Sens Lyon vers*Marsei,13055,,,,,,,,,,,,,
201500050194,A7-Sens Lyon vers*Marsei,13055,,,,,,,,,,,,,
201500050195,A7-Sens Lyon vers*Marsei,13055,,,,,,,,,,,,,
201500050198,A7-Sens Marseille vers L,13055,,,,,,,,,,,,,
201500050198,A7-Sens Marseille vers L,13055,,,,,,,,,,,,,
201500050198,A7-Sens Marseille vers L,13055,,,,,,,,,,,,,
201500050198,A7-Sens Marseille vers L,13055,,,,,,,,,,,,,
201500050198,A7-Sens Marseille vers L,13055,,,,,,,,,,,,,
201500050199,A50-Sens Marseille*vers,13055,,,,,,,,,,,,,
201500050199,A50-Sens Marseille*vers,13055,,,,,,,,,,,,,
201500050201,TVPCM-Sens Saint*Victor,13055,,,,,,,,,,,,,
201500050201,TVPCM-Sens Saint*Victor,13055,,,,,,,,,,,,,
201500050204,S10CD-Sens Aubagne%vers,13055,,,,,,,,,,,,,
201500050204,S10CD-Sens Aubagne%vers,13055,,,,,,,,,,,,,
201500050205,A7-Sens Marseille vers*L,13055,,,,,,,,,,,,,
201500050205,A7-Sens Marseille vers*L,13055,,,,,,,,,,,,,
201500050206,A55-Sens Marseille*vers,13055,,,,,,,,,,,,,
201500050206,A55-Sens Marseille*vers,13055,,,,,,,,,,,,,
201500050206,A55-Sens Marseille*vers,13055,,,,,,,,,,,,,
201500050207,A50-Sens Marseille*vers,13055,,,,,,,,,,,,,
201500050207,A50-Sens Marseille*vers,13055,,,,,,,,,,,,,
201500050207,A50-Sens Marseille*vers,13055,,,,,,,,,,,,,
201500050207,A50-Sens Marseille*vers,13055,,,,,,,,,,,,,
201500050210,A7-Sens Lyon vers*Marsei,13055,,,,,,,,,,,,,
201500050210,A7-Sens Lyon vers*Marsei,13055,,,,,,,,,,,,,
201500050210,A7-Sens Lyon vers*Marsei,13055,,,,,,,,,,,,,
201500050210,A7-Sens Lyon vers*Marsei,13055,,,,,,,,,,,,,
201500050210,A7-Sens Lyon vers*Marsei,13055,,,,,,,,,,,,,
201500050210,A7-Sens Lyon vers*Marsei,13055,,,,,,,,,,,,,
201500050210,A7-Sens Lyon vers*Marsei,13055,,,,,,,,,,,,,
201500050210,A7-Sens Lyon vers*Marsei,13055,,,,,,,,,,,,,
201500050214,A7-Sens Lyon vers*Marsei,13055,,,,,,,,,,,,,
201500050214,A7-Sens Lyon vers*Marsei,13055,,,,,,,,,,,,,
201500050220,A50-Sens Marseille*vers,13055,,,,,,,,,,,,,
201500050220,A50-Sens Marseille*vers,13055,,,,,,,,,,,,,
201500050220,A50-Sens Marseille*vers,13055,,,,,,,,,,,,,
201500050220,A50-Sens Marseille*vers,13055,,,,,,,,,,,,,
201500050220,A50-Sens Marseille*vers,13055,,,,,,,,,,,,,
201500050220,A50-Sens Marseille*vers,13055,,,,,,,,,,,,,
201500050225,A7-Sens Lyon vers*Marsei,13055,,,,,,,,,,,,,
201500050225,A7-Sens Lyon vers*Marsei,13055,,,,,,,,,,,,,
201500050225,A7-Sens Lyon vers*Marsei,13055,,,,,,,,,,,,,
201500050225,A7-Sens Lyon vers*Marsei,13055,,,,,,,,,,,,,
201500050231,A55-Sens Marseille*vers,13055,,,,,,,,,,,,,
201500050231,A55-Sens Marseille*vers,13055,,,,,,,,,,,,,
201500050231,A55-Sens Marseille*vers,13055,,,,,,,,,,,,,
201500050234,A7-Sens Lyon vers*Marsei,13055,,,,,,,,,,,,,
201500050234,A7-Sens Lyon vers*Marsei,13055,,,,,,,,,,,,,
201500050234,A7-Sens Lyon vers*Marsei,13055,,,,,,,,,,,,,
201500050238,A7-Sens Lyon vers*Marsei,13055,,,,,,,,,,,,,
201500050238,A7-Sens Lyon vers*Marsei,13055,,,,,,,,,,,,,
201500050238,A7-Sens Lyon vers*Marsei,13055,,,,,,,,,,,,,
201500050238,A7-Sens Lyon vers*Marsei,13055,,,,,,,,,,,,,
201500050238,A7-Sens Lyon vers*Marsei,13055,,,,,,,,,,,,,
201500050238,A7-Sens Lyon vers*Marsei,13055,,,,,,,,,,,,,
201500050241,A55-Sens Marseille vers,13055,,,,,,,,,,,,,
201500050241,A55-Sens Marseille vers,13055,,,,,,,,,,,,,
201500050241,A55-Sens Marseille vers,13055,,,,,,,,,,,,,
201500050241,A55-Sens Marseille vers,13055,,,,,,,,,,,,,
201500050242,A55-Sens Martigues*vers,13055,,,,,,,,,,,,,
201500050243,A55-Sens Martigues*vers,13055,,,,,,,,,,,,,
201500050245,A55-Sens Martigues *,13055,,,,,,,,,,,,,
201500050246,A7-Sens Lyon vers*Marsei,13055,,,,,,,,,,,,,
201500050247,A50-Sens Marseille*vers,13055,,,,,,,,,,,,,
201500050247,A50-Sens Marseille*vers,13055,,,,,,,,,,,,,
201500050250,A7-Sens Lyon vers*Marsei,13055,,,,,,,,,,,,,
201500050250,A7-Sens Lyon vers*Marsei,13055,,,,,,,,,,,,,
201500050252,A7-Sens Marseille vers*L,13055,,,,,,,,,,,,,
201500050252,A7-Sens Marseille vers*L,13055,,,,,,,,,,,,,
201500050256,A7-Sens Lyon vers*Marsei,13055,,,,,,,,,,,,,
201500050256,A7-Sens Lyon vers*Marsei,13055,,,,,,,,,,,,,
201500050256,A7-Sens Lyon vers*Marsei,13055,,,,,,,,,,,,,
201500050257,A55-Sens Martigues*vers,13055,,,,,,,,,,,,,
201500050259,A7-Sens Lyon vers*Marsei,13055,,,,,,,,,,,,,
201500050259,A7-Sens Lyon vers*Marsei,13055,,,,,,,,,,,,,
201500050259,A7-Sens Lyon vers*Marsei,13055,,,,,,,,,,,,,
201500050259,A7-Sens Lyon vers*Marsei,13055,,,,,,,,,,,,,
201500050263,A7-Sens Marseille vers*L,13055,,,,,,,,,,,,,
201500050263,A7-Sens Marseille vers*L,13055,,,,,,,,,,,,,
201500050263,A7-Sens Marseille vers*L,13055,,,,,,,,,,,,,
201500050263,A7-Sens Marseille vers*L,13055,,,,,,,,,,,,,
201500050264,A7-Sens Lyon vers*Marsei,13055,,,,,,,,,,,,,
201500050264,A7-Sens Lyon vers*Marsei,13055,,,,,,,,,,,,,
201500050264,A7-Sens Lyon vers*Marsei,13055,,,,,,,,,,,,,
201500050268,A7-Sens Lyon vers*Marsei,13055,,,,,,,,,,,,,
201500050272,A50-Sens Marseille*vers,13055,,,,,,,,,,,,,
201500050275,A50-Sens Marseille*vers,13055,,,,,,,,,,,,,
201500050275,A50-Sens Marseille*vers,13055,,,,,,,,,,,,,
201500050276,A50-Sens Aubagne vers*Ma,13055,,,,,,,,,,,,,
201500050276,A50-Sens Aubagne vers*Ma,13055,,,,,,,,,,,,,
201500050278,A7-Sens Lyon vers*Marsei,13055,,,,,,,,,,,,,
201500050278,A7-Sens Lyon vers*Marsei,13055,,,,,,,,,,,,,
201500050278,A7-Sens Lyon vers*Marsei,13055,,,,,,,,,,,,,
201500050279,A50-Sens Aubagne vers*Ma,13055,,,,,,,,,,,,,
201500050279,A50-Sens Aubagne vers*Ma,13055,,,,,,,,,,,,,
201500050282,A55-Sens Marseille v*ers,13055,,,,,,,,,,,,,
201500050286,A7-Sens Lyon vers*Marsei,13055,,,,,,,,,,,,,
201500050286,A7-Sens Lyon vers*Marsei,13055,,,,,,,,,,,,,
201500050287,A7-Sens Lyon vers*Marsei,13055,,,,,,,,,,,,,
201500050287,A7-Sens Lyon vers*Marsei,13055,,,,,,,,,,,,,
201500050289,A7-Sens Lyon vers*Marsei,13055,,,,,,,,,,,,,
201500050289,A7-Sens Lyon vers*Marsei,13055,,,,,,,,,,,,,
201500050289,A7-Sens Lyon vers*Marsei,13055,,,,,,,,,,,,,
201500050291,A7-Sens Lyon vers*Marsei,13055,,,,,,,,,,,,,
201500050291,A7-Sens Lyon vers*Marsei,13055,,,,,,,,,,,,,
201500050291,A7-Sens Lyon vers*Marsei,13055,,,,,,,,,,,,,
201500050291,A7-Sens Lyon vers*Marsei,13055,,,,,,,,,,,,,
201500050293,Tunnel Joliette Marseill,13055,,,,,,,,,,,,,
201500050293,Tunnel Joliette Marseill,13055,,,,,,,,,,,,,
201500050293,Tunnel Joliette Marseill,13055,,,,,,,,,,,,,
201500050293,Tunnel Joliette Marseill,13055,,,,,,,,,,,,,
201500050296,A7-Sens Marseille vers L,13055,,,,,,,,,,,,,
201500050296,A7-Sens Marseille vers L,13055,,,,,,,,,,,,,
201500050297,A50-Sens Aubagne vers*Ma,13055,,,,,,,,,,,,,
201500050297,A50-Sens Aubagne vers*Ma,13055,,,,,,,,,,,,,
201500050298,A50-Sens Aubagne vers*Ma,13055,,,,,,,,,,,,,
201500050298,A50-Sens Aubagne vers*Ma,13055,,,,,,,,,,,,,
201500050301,A7-Sens Lyon vers*Marsei,13055,,,,,,,,,,,,,
201500050301,A7-Sens Lyon vers*Marsei,13055,,,,,,,,,,,,,
201500050301,A7-Sens Lyon vers*Marsei,13055,,,,,,,,,,,,,
201500050301,A7-Sens Lyon vers*Marsei,13055,,,,,,,,,,,,,
201500050303,A55-Sens Marseille vers,13055,,,,,,,,,,,,,
201500050303,A55-Sens Marseille vers,13055,,,,,,,,,,,,,
201500050304,A7-Sens Lyon vers Marsei,13055,,,,,,,,,,,,,
201500050304,A7-Sens Lyon vers Marsei,13055,,,,,,,,,,,,,
201500050306,Tunnel Joliette Marseill,13055,,,,,,,,,,,,,
201500050306,Tunnel Joliette Marseill,13055,,,,,,,,,,,,,
201500050306,Tunnel Joliette Marseill,13055,,,,,,,,,,,,,
201500050308,S10CM-Sens Marseille ver,13055,,,,,,,,,,,,,
201500050308,S10CM-Sens Marseille ver,13055,,,,,,,,,,,,,
201500050308,S10CM-Sens Marseille ver,13055,,,,,,,,,,,,,
201500050309,S10CM-Sens Marseille*ver,13055,,,,,,,,,,,,,
201500050309,S10CM-Sens Marseille*ver,13055,,,,,,,,,,,,,
201500050309,S10CM-Sens Marseille*ver,13055,,,,,,,,,,,,,
201500050310,A55-Sens Martigues vers,13055,,,,,,,,,,,,,
201500050310,A55-Sens Martigues vers,13055,,,,,,,,,,,,,
201500050311,A50-Sens Aubagne vers*Ma,13055,,,,,,,,,,,,,
201500050311,A50-Sens Aubagne vers*Ma,13055,,,,,,,,,,,,,
201500050312,A55-Sens Martigues*vers,13055,,,,,,,,,,,,,
201500050312,A55-Sens Martigues*vers,13055,,,,,,,,,,,,,
201500050315,A7-Sens Marseille vers*L,13055,,,,,,,,,,,,,
201500050315,A7-Sens Marseille vers*L,13055,,,,,,,,,,,,,
201500050317,A55-Sens Marseille*vers,13055,,,,,,,,,,,,,
201500050317,A55-Sens Marseille*vers,13055,,,,,,,,,,,,,
201500050317,A55-Sens Marseille*vers,13055,,,,,,,,,,,,,
201500050319,A55-Sens Martigues*vers,13055,,,,,,,,,,,,,
201500050319,A55-Sens Martigues*vers,13055,,,,,,,,,,,,,
201500050319,A55-Sens Martigues*vers,13055,,,,,,,,,,,,,
201500050319,A55-Sens Martigues*vers,13055,,,,,,,,,,,,,
201500050319,A55-Sens Martigues*vers,13055,,,,,,,,,,,,,
201500050319,A55-Sens Martigues*vers,13055,,,,,,,,,,,,,
201500050319,A55-Sens Martigues*vers,13055,,,,,,,,,,,,,
201500050319,A55-Sens Martigues*vers,13055,,,,,,,,,,,,,
201500050320,A55-Sens Marseille*vers,13055,,,,,,,,,,,,,
201500050322,Tunnel Joliette*Marseill,13055,,,,,,,,,,,,,
201500050323,Tunnel Prado Car�nage,13055,,,,,,,,,,,,,
201500050323,Tunnel Prado Car�nage,13055,,,,,,,,,,,,,
201500050323,Tunnel Prado Car�nage,13055,,,,,,,,,,,,,
201500050324,A55-Sens Martigues vers,13055,,,,,,,,,,,,,
201500050324,A55-Sens Martigues vers,13055,,,,,,,,,,,,,
201500050324,A55-Sens Martigues vers,13055,,,,,,,,,,,,,
201500050324,A55-Sens Martigues vers,13055,,,,,,,,,,,,,
201500050324,A55-Sens Martigues vers,13055,,,,,,,,,,,,,
201500050324,A55-Sens Martigues vers,13055,,,,,,,,,,,,,
201500050328,A50-Sens Aubagne vers Ma,13055,,,,,,,,,,,,,
201500050328,A50-Sens Aubagne vers Ma,13055,,,,,,,,,,,,,
201500050329,A55-Sens Martigues*vers,13055,,,,,,,,,,,,,
201500050332,A7-Sens Lyon vers*Marsei,13055,,,,,,,,,,,,,
201500050332,A7-Sens Lyon vers*Marsei,13055,,,,,,,,,,,,,
201500050336,A7-Sens Lyon vers*Marsei,13055,,,,,,,,,,,,,
201500050336,A7-Sens Lyon vers*Marsei,13055,,,,,,,,,,,,,
201500050336,A7-Sens Lyon vers*Marsei,13055,,,,,,,,,,,,,
201500050337,A557-Liaison A7*Marseill,13055,,,,,,,,,,,,,
201500050337,A557-Liaison A7*Marseill,13055,,,,,,,,,,,,,
201500050338,A55-Sens Marseille*vers,13055,,,,,,,,,,,,,
201500050339,A50-Sens Aubagne vers*Ma,13055,,,,,,,,,,,,,
201500050339,A50-Sens Aubagne vers*Ma,13055,,,,,,,,,,,,,
201500050339,A50-Sens Aubagne vers*Ma,13055,,,,,,,,,,,,,
201500050339,A50-Sens Aubagne vers*Ma,13055,,,,,,,,,,,,,
201500050339,A50-Sens Aubagne vers*Ma,13055,,,,,,,,,,,,,
201500050341,A55-Sens Martigues*vers,13055,,,,,,,,,,,,,
201500050341,A55-Sens Martigues*vers,13055,,,,,,,,,,,,,
201500050341,A55-Sens Martigues*vers,13055,,,,,,,,,,,,,
201500050347,A7-Sens Lyon vers*Marsei,13055,,,,,,,,,,,,,
201500050347,A7-Sens Lyon vers*Marsei,13055,,,,,,,,,,,,,
201500050352,A7-Sens Lyon vers Marsei,13055,,,,,,,,,,,,,
201500050352,A7-Sens Lyon vers Marsei,13055,,,,,,,,,,,,,
201500050352,A7-Sens Lyon vers Marsei,13055,,,,,,,,,,,,,
201500050352,A7-Sens Lyon vers Marsei,13055,,,,,,,,,,,,,
201500050352,A7-Sens Lyon vers Marsei,13055,,,,,,,,,,,,,
201500050352,A7-Sens Lyon vers Marsei,13055,,,,,,,,,,,,,
201500050352,A7-Sens Lyon vers Marsei,13055,,,,,,,,,,,,,
201500050352,A7-Sens Lyon vers Marsei,13055,,,,,,,,,,,,,
201500050354,A55-Sens Martigues*vers,13055,,,,,,,,,,,,,
201500050354,A55-Sens Martigues*vers,13055,,,,,,,,,,,,,
201500050356,A7-Sens Lyon vers*Marsei,13055,,,,,,,,,,,,,
201500050357,Tunnel Prado Car�nage,13055,,,,,,,,,,,,,
201500050357,Tunnel Prado Car�nage,13055,,,,,,,,,,,,,
201500050358,A7-Sens Lyon vers*Marsei,13055,,,,,,,,,,,,,
201500050358,A7-Sens Lyon vers*Marsei,13055,,,,,,,,,,,,,
201500050358,A7-Sens Lyon vers*Marsei,13055,,,,,,,,,,,,,
201500050358,A7-Sens Lyon vers*Marsei,13055,,,,,,,,,,,,,
201500050358,A7-Sens Lyon vers*Marsei,13055,,,,,,,,,,,,,
201500050359,A7-Sens Lyon vers Marsei,13055,,,,,,,,,,,,,
201500050359,A7-Sens Lyon vers Marsei,13055,,,,,,,,,,,,,
201500050359,A7-Sens Lyon vers Marsei,13055,,,,,,,,,,,,,
201500050362,A7-Sens Lyon vers Marsei,13055,,,,,,,,,,,,,
201500050362,A7-Sens Lyon vers Marsei,13055,,,,,,,,,,,,,
201500050362,A7-Sens Lyon vers Marsei,13055,,,,,,,,,,,,,
201500050362,A7-Sens Lyon vers Marsei,13055,,,,,,,,,,,,,
201500050363,A55-Sens Martigues*vers,13055,,,,,,,,,,,,,
201500050363,A55-Sens Martigues*vers,13055,,,,,,,,,,,,,
201500050363,A55-Sens Martigues*vers,13055,,,,,,,,,,,,,
201500050367,A55-Sens Marseille$*vers,13055,,,,,,,,,,,,,
201500050369,Sens Aubagne vers*Marsei,13055,,,,,,,,,,,,,
201500050375,A7-Sens Lyon vers*Marsei,13055,,,,,,,,,,,,,
201500050375,A7-Sens Lyon vers*Marsei,13055,,,,,,,,,,,,,
201500050379,A7-Sens Marseille vers*L,13055,,,,,,,,,,,,,
201500050379,A7-Sens Marseille vers*L,13055,,,,,,,,,,,,,
201500050384,A55-Sens Marseille*vers,13055,,,,,,,,,,,,,
201500050385,A7-Sens Lyon vers Marsei,13055,,,,,,,,,,,,,
201500050385,A7-Sens Lyon vers Marsei,13055,,,,,,,,,,,,,
201500050385,A7-Sens Lyon vers Marsei,13055,,,,,,,,,,,,,
201500050385,A7-Sens Lyon vers Marsei,13055,,,,,,,,,,,,,
201500050385,A7-Sens Lyon vers Marsei,13055,,,,,,,,,,,,,
201500050385,A7-Sens Lyon vers Marsei,13055,,,,,,,,,,,,,
201500050385,A7-Sens Lyon vers Marsei,13055,,,,,,,,,,,,,
201500050385,A7-Sens Lyon vers Marsei,13055,,,,,,,,,,,,,
201500050385,A7-Sens Lyon vers Marsei,13055,,,,,,,,,,,,,
201500050385,A7-Sens Lyon vers Marsei,13055,,,,,,,,,,,,,
201500050385,A7-Sens Lyon vers Marsei,13055,,,,,,,,,,,,,
201500050387,A7-Sens Lyon vers Marsei,13055,,,,,,,,,,,,,
201500050387,A7-Sens Lyon vers Marsei,13055,,,,,,,,,,,,,
201500050389,A7-Sens Marseille vers L,13055,,,,,,,,,,,,,
201500050390,A7-Sens Lyon vers Marsei,13055,,,,,,,,,,,,,
201500050390,A7-Sens Lyon vers Marsei,13055,,,,,,,,,,,,,
201500050390,A7-Sens Lyon vers Marsei,13055,,,,,,,,,,,,,
201500050390,A7-Sens Lyon vers Marsei,13055,,,,,,,,,,,,,
201500050393,A50-Sens Marseille*vers,13055,,,,,,,,,,,,,
201500050393,A50-Sens Marseille*vers,13055,,,,,,,,,,,,,
201500050397,A7-Sens Lyon vers*Marsei,13055,,,,,,,,,,,,,
201500050397,A7-Sens Lyon vers*Marsei,13055,,,,,,,,,,,,,
201500050397,A7-Sens Lyon vers*Marsei,13055,,,,,,,,,,,,,
201500050400,A7-Sens Lyon vers*Marsei,13055,,,,,,,,,,,,,
201500050400,A7-Sens Lyon vers*Marsei,13055,,,,,,,,,,,,,
201500050401,A50-Sens Aubagne vers*Ma,13055,,,,,,,,,,,,,
201500050401,A50-Sens Aubagne vers*Ma,13055,,,,,,,,,,,,,
201500050402,A7-Sens Marseille vers*L,13055,,,,,,,,,,,,,
201500050404,A7-Sens Marseille vers L,13055,,,,,,,,,,,,,
201500050404,A7-Sens Marseille vers L,13055,,,,,,,,,,,,,
201500050409,A7-Sens Lyon vers*Marsei,13055,,,,,,,,,,,,,
201500050409,A7-Sens Lyon vers*Marsei,13055,,,,,,,,,,,,,
201500050409,A7-Sens Lyon vers*Marsei,13055,,,,,,,,,,,,,
201500050409,A7-Sens Lyon vers*Marsei,13055,,,,,,,,,,,,,
201500050409,A7-Sens Lyon vers*Marsei,13055,,,,,,,,,,,,,
201500050409,A7-Sens Lyon vers*Marsei,13055,,,,,,,,,,,,,
201500050409,A7-Sens Lyon vers*Marsei,13055,,,,,,,,,,,,,
201500050409,A7-Sens Lyon vers*Marsei,13055,,,,,,,,,,,,,
201500050409,A7-Sens Lyon vers*Marsei,13055,,,,,,,,,,,,,
201500050409,A7-Sens Lyon vers*Marsei,13055,,,,,,,,,,,,,
201500050411,A55-Sens Marseille*vers,13055,,,,,,,,,,,,,
201500050414,Sens Aubagne vers*Marsei,13055,,,,,,,,,,,,,
201500050414,Sens Aubagne vers*Marsei,13055,,,,,,,,,,,,,
201500050415,A7-Sens Lyon vers*Marsei,13055,,,,,,,,,,,,,
201500050415,A7-Sens Lyon vers*Marsei,13055,,,,,,,,,,,,,
201500050415,A7-Sens Lyon vers*Marsei,13055,,,,,,,,,,,,,
201500050415,A7-Sens Lyon vers*Marsei,13055,,,,,,,,,,,,,
201500050416,A557-Liaison A7 Marseill,13055,,,,,,,,,,,,,
201500050418,A7-Sens Lyon vers*Marsei,13055,,,,,,,,,,,,,
201500050418,A7-Sens Lyon vers*Marsei,13055,,,,,,,,,,,,,
201500050418,A7-Sens Lyon vers*Marsei,13055,,,,,,,,,,,,,
201500050419,A50-Sens Marseille*vers,13055,,,,,,,,,,,,,
201500050419,A50-Sens Marseille*vers,13055,,,,,,,,,,,,,
201500050419,A50-Sens Marseille*vers,13055,,,,,,,,,,,,,
201500050421,A50-Sens Marseille*vers,13055,,,,,,,,,,,,,
201500050421,A50-Sens Marseille*vers,13055,,,,,,,,,,,,,
201500050421,A50-Sens Marseille*vers,13055,,,,,,,,,,,,,
201500050421,A50-Sens Marseille*vers,13055,,,,,,,,,,,,,
201500050421,A50-Sens Marseille*vers,13055,,,,,,,,,,,,,
201500050422,Tunnel Prado Car�nage,13055,,,,,,,,,,,,,
201500050424,A55-Sens Marseille vers,13055,,,,,,,,,,,,,
201500050424,A55-Sens Marseille vers,13055,,,,,,,,,,,,,
201500050425,A55-Sens Marseille*vers,13055,,,,,,,,,,,,,
201500050425,A55-Sens Marseille*vers,13055,,,,,,,,,,,,,
201500050428,A7-Sens Lyon vers*Marsei,13055,,,,,,,,,,,,,
201500050428,A7-Sens Lyon vers*Marsei,13055,,,,,,,,,,,,,
201500050429,A55-Sens Marseille*vers,13055,,,,,,,,,,,,,
201500050429,A55-Sens Marseille*vers,13055,,,,,,,,,,,,,
201500050430,Tunnel Joliette Marseill,13055,,,,,,,,,,,,,
201500050430,Tunnel Joliette Marseill,13055,,,,,,,,,,,,,
201500050434,A55-Sens Martigues vers,13055,,,,,,,,,,,,,
201500050434,A55-Sens Martigues vers,13055,,,,,,,,,,,,,
201500050434,A55-Sens Martigues vers,13055,,,,,,,,,,,,,
201500050434,A55-Sens Martigues vers,13055,,,,,,,,,,,,,
201500050435,A7-Sens Marseille vers L,13055,,,,,,,,,,,,,
201500050435,A7-Sens Marseille vers L,13055,,,,,,,,,,,,,
201500050435,A7-Sens Marseille vers L,13055,,,,,,,,,,,,,
201500050435,A7-Sens Marseille vers L,13055,,,,,,,,,,,,,
201500050436,A557-Liaison A7 Marseill,13055,,,,,,,,,,,,,
201500050438,A55-Sens Marseille vers,13055,,,,,,,,,,,,,
201500050438,A55-Sens Marseille vers,13055,,,,,,,,,,,,,
201500050438,A55-Sens Marseille vers,13055,,,,,,,,,,,,,
201500050439,A7-Sens Marseille vers L,13055,,,,,,,,,,,,,
201500050439,A7-Sens Marseille vers L,13055,,,,,,,,,,,,,
201500050442,Sens Marseille vers Auba,13055,,,,,,,,,,,,,
201500050442,Sens Marseille vers Auba,13055,,,,,,,,,,,,,
201500050444,Tunnel Prado Car�nage,13055,,,,,,,,,,,,,
201500050444,Tunnel Prado Car�nage,13055,,,,,,,,,,,,,
201500050445,A7-Sens Lyon vers Marsei,13055,,,,,,,,,,,,,
201500050445,A7-Sens Lyon vers Marsei,13055,,,,,,,,,,,,,
201500050445,A7-Sens Lyon vers Marsei,13055,,,,,,,,,,,,,
201500050445,A7-Sens Lyon vers Marsei,13055,,,,,,,,,,,,,
201500050445,A7-Sens Lyon vers Marsei,13055,,,,,,,,,,,,,
201500050445,A7-Sens Lyon vers Marsei,13055,,,,,,,,,,,,,
201500050451,TVPCD-Sens Les Ports ver,13055,,,,,,,,,,,,,
201500050451,TVPCD-Sens Les Ports ver,13055,,,,,,,,,,,,,
201500050451,TVPCD-Sens Les Ports ver,13055,,,,,,,,,,,,,
201500050453,A50-Sens Marseille vers,13055,,,,,,,,,,,,,
201500050453,A50-Sens Marseille vers,13055,,,,,,,,,,,,,
201500050456,A7-Sens Marseille vers L,13055,,,,,,,,,,,,,
201500050456,A7-Sens Marseille vers L,13055,,,,,,,,,,,,,
201500050456,A7-Sens Marseille vers L,13055,,,,,,,,,,,,,
201500050462,A50-Sens Marseille*vers,13055,,,,,,,,,,,,,
201500050462,A50-Sens Marseille*vers,13055,,,,,,,,,,,,,
201500050463,A55-Sens Martigues vers,13055,,,,,,,,,,,,,
201500050465,A55-Sens Marseille vers,13055,,,,,,,,,,,,,
201500050465,A55-Sens Marseille vers,13055,,,,,,,,,,,,,
201500050469,A557-Liaison A7 Marseill,13055,,,,,,,,,,,,,
201500050469,A557-Liaison A7 Marseill,13055,,,,,,,,,,,,,
201500050469,A557-Liaison A7 Marseill,13055,,,,,,,,,,,,,
201500050469,A557-Liaison A7 Marseill,13055,,,,,,,,,,,,,
201500050470,A7-Sens Lyon vers Marsei,13055,,,,,,,,,,,,,
201500050470,A7-Sens Lyon vers Marsei,13055,,,,,,,,,,,,,
201500050470,A7-Sens Lyon vers Marsei,13055,,,,,,,,,,,,,
201500050470,A7-Sens Lyon vers Marsei,13055,,,,,,,,,,,,,
201500050470,A7-Sens Lyon vers Marsei,13055,,,,,,,,,,,,,
201500050470,A7-Sens Lyon vers Marsei,13055,,,,,,,,,,,,,
201500050470,A7-Sens Lyon vers Marsei,13055,,,,,,,,,,,,,
201500050470,A7-Sens Lyon vers Marsei,13055,,,,,,,,,,,,,
201500050474,A55-Sens Marseille vers,13055,,,,,,,,,,,,,
201500050475,A557-Liaison A7 Marseill,13055,,,,,,,,,,,,,
201500050475,A557-Liaison A7 Marseill,13055,,,,,,,,,,,,,
201500050477,S10CM-Sens Marseille ver,13055,,,,,,,,,,,,,
201500050477,S10CM-Sens Marseille ver,13055,,,,,,,,,,,,,
201500050477,S10CM-Sens Marseille ver,13055,,,,,,,,,,,,,
201500050477,S10CM-Sens Marseille ver,13055,,,,,,,,,,,,,
201500050477,S10CM-Sens Marseille ver,13055,,,,,,,,,,,,,
